{
  "H": [
    0.493002,
    10.5109,
    0.322912,
    26.1257,
    0.140191,
    3.14236,
    0.04081,
    57.799698,
    0.003038
  ],
  "He": [
    0.8734,
    9.1037,
    0.6309,
    3.3568,
    0.3112,
    22.927601,
    0.178,
    0.9821,
    0.0064
  ],
  "Li": [
    1.1282,
    3.9546,
    0.7508,
    1.0524,
    0.6175,
    85.390503,
    0.4653,
    168.261002,
    0.0377
  ],
  "Be": [
    1.5919,
    43.6427,
    1.1278,
    1.8623,
    0.5391,
    103.483002,
    0.7029,
    0.542,
    0.0385
  ],
  "B": [
    2.0545,
    23.2185,
    1.3326,
    1.021,
    1.0979,
    60.3498,
    0.7068,
    0.1403,
    -0.1932
  ],
  "C": [
    2.31,
    20.843899,
    1.02,
    10.2075,
    1.5886,
    0.5687,
    0.865,
    51.651199,
    0.2156
  ],
  "N": [
    12.2126,
    0.0057,
    3.1322,
    9.8933,
    2.0125,
    28.997499,
    1.1663,
    0.5826,
    -11.528999
  ],
  "O": [
    3.0485,
    13.2771,
    2.2868,
    5.7011,
    1.5463,
    0.3239,
    0.867,
    32.908897,
    0.2508
  ],
  "F": [
    3.5392,
    10.282499,
    2.6412,
    4.2944,
    1.517,
    0.2615,
    1.0243,
    26.1476,
    0.2776
  ],
  "Ne": [
    3.9553,
    8.4042,
    3.1125,
    3.4262,
    1.4546,
    0.2306,
    1.1251,
    21.718399,
    0.3515
  ],
  "Na": [
    4.7626,
    3.285,
    3.1736,
    8.842199,
    1.2674,
    0.3136,
    1.1128,
    129.423996,
    0.676
  ],
  "Mg": [
    5.4204,
    2.8275,
    2.1735,
    79.261101,
    1.2269,
    0.3808,
    2.3073,
    7.1937,
    0.8584
  ],
  "Al": [
    6.4202,
    3.0387,
    1.9002,
    0.7426,
    1.5936,
    31.547199,
    1.9646,
    85.0886,
    1.1151
  ],
  "Si": [
    6.2915,
    2.4386,
    3.0353,
    32.333698,
    1.9891,
    0.6785,
    1.541,
    81.693695,
    1.1407
  ],
  "P": [
    6.4345,
    1.9067,
    4.1791,
    27.157,
    1.78,
    0.526,
    1.4908,
    68.164497,
    1.1149
  ],
  "S": [
    6.9053,
    1.4679,
    5.2034,
    22.215099,
    1.4379,
    0.2536,
    1.5863,
    56.172001,
    0.8669
  ],
  "Cl": [
    11.4604,
    0.0104,
    7.1964,
    1.1662,
    6.2556,
    18.5194,
    1.6455,
    47.7784,
    -9.5574
  ],
  "Ar": [
    7.4845,
    0.9072,
    6.7723,
    14.8407,
    0.6539,
    43.8983,
    1.6442,
    33.392899,
    1.4445
  ],
  "K": [
    8.218599,
    12.7949,
    7.4398,
    0.7748,
    1.0519,
    213.186996,
    0.8659,
    41.684097,
    1.4228
  ],
  "Ca": [
    8.6266,
    10.4421,
    7.3873,
    0.6599,
    1.5899,
    85.748398,
    1.0211,
    178.436996,
    1.3751
  ],
  "Sc": [
    9.189,
    9.021299,
    7.3679,
    0.5729,
    1.6409,
    136.108002,
    1.468,
    51.3531,
    1.3329
  ],
  "Ti": [
    9.7595,
    7.8508,
    7.3558,
    0.5,
    1.6991,
    35.633801,
    1.9021,
    116.104996,
    1.2807
  ],
  "V": [
    10.2971,
    6.8657,
    7.3511,
    0.4385,
    2.0703,
    26.893799,
    2.0571,
    102.477997,
    1.2199
  ],
  "Cr": [
    10.6406,
    6.1038,
    7.3537,
    0.392,
    3.324,
    20.2626,
    1.4922,
    98.739899,
    1.1832
  ],
  "Mn": [
    11.2819,
    5.3409,
    7.3573,
    0.3432,
    3.0193,
    17.867399,
    2.2441,
    83.754303,
    1.0896
  ],
  "Fe": [
    11.7695,
    4.7611,
    7.3573,
    0.3072,
    3.5222,
    15.3535,
    2.3045,
    76.880501,
    1.0369
  ],
  "Co": [
    12.2841,
    4.2791,
    7.3409,
    0.2784,
    4.0034,
    13.5359,
    2.3488,
    71.169197,
    1.0118
  ],
  "Ni": [
    12.8376,
    3.8785,
    7.292,
    0.2565,
    4.4438,
    12.1763,
    2.38,
    66.342102,
    1.0341
  ],
  "Cu": [
    13.337999,
    3.5828,
    7.1676,
    0.247,
    5.6158,
    11.3966,
    1.6735,
    64.812599,
    1.191
  ],
  "Zn": [
    14.0743,
    3.2655,
    7.0318,
    0.2333,
    5.1625,
    10.316299,
    2.41,
    58.709702,
    1.3041
  ],
  "Ga": [
    15.2354,
    3.0669,
    6.7006,
    0.2412,
    4.3591,
    10.7805,
    2.9623,
    61.413498,
    1.7189
  ],
  "Ge": [
    16.0816,
    2.8509,
    6.3747,
    0.2516,
    3.7068,
    11.4468,
    3.683,
    54.762501,
    2.1313
  ],
  "As": [
    16.6723,
    2.6345,
    6.0701,
    0.2647,
    3.4313,
    12.9479,
    4.2779,
    47.797199,
    2.531
  ],
  "Se": [
    17.000599,
    2.4098,
    5.8196,
    0.2726,
    3.9731,
    15.2372,
    4.3543,
    43.816299,
    2.8409
  ],
  "Br": [
    17.1789,
    2.1723,
    5.2358,
    16.579599,
    5.6377,
    0.2609,
    3.9851,
    41.4328,
    2.9557
  ],
  "Kr": [
    17.355499,
    1.9384,
    6.7286,
    16.5623,
    5.5493,
    0.2261,
    3.5375,
    39.397202,
    2.825
  ],
  "Rb": [
    17.1784,
    1.7888,
    9.643499,
    17.3151,
    5.1399,
    0.2748,
    1.5292,
    164.93399,
    3.4873
  ],
  "Sr": [
    17.566299,
    1.5564,
    9.818399,
    14.0988,
    5.422,
    0.1664,
    2.6694,
    132.376007,
    2.5064
  ],
  "Y": [
    17.775999,
    1.4029,
    10.2946,
    12.8006,
    5.72629,
    0.125599,
    3.26588,
    104.353996,
    1.91213
  ],
  "Zr": [
    17.876499,
    1.27618,
    10.948,
    11.916,
    5.41732,
    0.117622,
    3.65721,
    87.662697,
    2.06929
  ],
  "Nb": [
    17.614201,
    1.18865,
    12.0144,
    11.766,
    4.04183,
    0.204785,
    3.53346,
    69.7957,
    3.75591
  ],
  "Mo": [
    3.7025,
    0.2772,
    17.2356,
    1.0958,
    12.8876,
    11.004,
    3.7429,
    61.658401,
    4.3875
  ],
  "Tc": [
    19.1301,
    0.864132,
    11.0948,
    8.14487,
    4.64901,
    21.5707,
    2.71263,
    86.847198,
    5.40428
  ],
  "Ru": [
    19.267399,
    0.80852,
    12.9182,
    8.434669,
    4.86337,
    24.7997,
    1.56756,
    94.292801,
    5.37874
  ],
  "Rh": [
    19.2957,
    0.751536,
    14.3501,
    8.21758,
    4.73425,
    25.874901,
    1.28918,
    98.606201,
    5.328
  ],
  "Pd": [
    19.3319,
    0.698655,
    15.501699,
    7.98929,
    5.29537,
    25.2052,
    0.605844,
    76.898598,
    5.26593
  ],
  "Ag": [
    19.2808,
    0.6446,
    16.688499,
    7.4726,
    4.8045,
    24.6605,
    1.0463,
    99.815598,
    5.179
  ],
  "Cd": [
    19.221399,
    0.5946,
    17.6444,
    6.9089,
    4.461,
    24.7008,
    1.6029,
    87.482498,
    5.0694
  ],
  "In": [
    19.162399,
    0.5476,
    18.559601,
    6.3776,
    4.2948,
    25.849899,
    2.0396,
    92.802902,
    4.9391
  ],
  "Sn": [
    19.1889,
    5.8303,
    19.1005,
    0.5031,
    4.4585,
    26.8909,
    2.4663,
    83.9571,
    4.7821
  ],
  "Sb": [
    19.6418,
    5.3034,
    19.0455,
    0.4607,
    5.0371,
    27.9074,
    2.6827,
    75.282501,
    4.5909
  ],
  "Te": [
    19.964399,
    4.81742,
    19.0138,
    0.420885,
    6.14487,
    28.5284,
    2.5239,
    70.840302,
    4.352
  ],
  "I": [
    20.1472,
    4.347,
    18.9949,
    0.3814,
    7.5138,
    27.765999,
    2.2735,
    66.877602,
    4.0712
  ],
  "Xe": [
    20.293301,
    3.9282,
    19.0298,
    0.344,
    8.9767,
    26.4659,
    1.99,
    64.2658,
    3.7118
  ],
  "Cs": [
    20.3892,
    3.569,
    19.106199,
    0.3107,
    10.662,
    24.387899,
    1.4953,
    213.903992,
    3.3352
  ],
  "Ba": [
    20.3361,
    3.216,
    19.297001,
    0.2756,
    10.888,
    20.2073,
    2.6959,
    167.201996,
    2.7731
  ],
  "La": [
    20.577999,
    2.94817,
    19.598999,
    0.244475,
    11.3727,
    18.7726,
    3.28719,
    133.123993,
    2.14678
  ],
  "Ce": [
    21.167099,
    2.81219,
    19.769501,
    0.226836,
    11.851299,
    17.608299,
    3.33049,
    127.112999,
    1.86264
  ],
  "Pr": [
    22.043999,
    2.77393,
    19.669701,
    0.222087,
    12.3856,
    16.766899,
    2.82428,
    143.643997,
    2.0583
  ],
  "Nd": [
    22.6845,
    2.66248,
    19.6847,
    0.210628,
    12.774,
    15.885,
    2.85137,
    137.903,
    1.98486
  ],
  "Pm": [
    23.3405,
    2.5627,
    19.609501,
    0.202088,
    13.1235,
    15.1009,
    2.87516,
    132.720993,
    2.02876
  ],